<?xml version="1.0" encoding="UTF-8"?>
<project-private xmlns="http://www.netbeans.org/ns/project-private/1">
    <editor-bookmarks xmlns="http://www.netbeans.org/ns/editor-bookmarks/2" lastBookmarkId="0"/>
    <open-files xmlns="http://www.netbeans.org/ns/projectui-open-files/2">
        <group name="Project">
            <file>file:/C:/Users/mohsy/3D%20Objects/CS162S21GID33/E-Pharmacy%20Management%20System/src/MedicineMenu.java</file>
            <file>file:/C:/Users/mohsy/3D%20Objects/CS162S21GID33/E-Pharmacy%20Management%20System/src/Customerinfo.java</file>
            <file>file:/C:/Users/mohsy/3D%20Objects/CS162S21GID33/E-Pharmacy%20Management%20System/src/HomePage.java</file>
            <file>file:/C:/Users/mohsy/3D%20Objects/CS162S21GID33/E-Pharmacy%20Management%20System/src/AddMedicine.java</file>
        </group>
    </open-files>
</project-private>
