<wpml-config>
   <custom-fields> 
		<custom-field action="ignore">attribute_pa_color</custom-field>
		<custom-field action="translate">block_1</custom-field>
		<custom-field action="translate">block_2</custom-field>
		<custom-field action="translate">block_3</custom-field>
		<custom-field action="translate">block_4</custom-field>
		<custom-field action="translate">block_5</custom-field>
		<custom-field action="translate">block_6</custom-field>
		<custom-field action="translate">block_7</custom-field>
		<custom-field action="translate">block_8</custom-field>
		<custom-field action="translate">block_9</custom-field>
		<custom-field action="translate">block_10</custom-field>
		<custom-field action="translate">block_11</custom-field>
		<custom-field action="translate">block_12</custom-field>
		<custom-field action="translate">block_13</custom-field>
		<custom-field action="translate">block_14</custom-field>
		<custom-field action="translate">block_15</custom-field>
		<custom-field action="translate">block_16</custom-field>
		<custom-field action="translate">block_17</custom-field>
		<custom-field action="translate">block_18</custom-field>
		<custom-field action="translate">block_19</custom-field>
		<custom-field action="translate">block_20</custom-field>
		<custom-field action="translate">block_21</custom-field>
		<custom-field action="translate">block_22</custom-field>
		<custom-field action="translate">block_23</custom-field>
		<custom-field action="translate">block_24</custom-field>
		<custom-field action="translate">block_25</custom-field>
		<custom-field action="translate">block_26</custom-field>
		<custom-field action="translate">block_27</custom-field>
		<custom-field action="translate">block_28</custom-field>
		<custom-field action="translate">block_29</custom-field>
		<custom-field action="translate">block_30</custom-field>
		<custom-field action="translate">block_31</custom-field>
		<custom-field action="translate">block_32</custom-field>
		<custom-field action="translate">block_33</custom-field>
		<custom-field action="copy">creteria_1</custom-field>
		<custom-field action="translate">creteria_1_text</custom-field>
		<custom-field action="copy">creteria_2</custom-field>
		<custom-field action="translate">creteria_2_text</custom-field>
		<custom-field action="copy">creteria_3</custom-field>
		<custom-field action="translate">creteria_3_text</custom-field>
		<custom-field action="copy">creteria_4</custom-field>
		<custom-field action="translate">creteria_4_text</custom-field>
		<custom-field action="copy">creteria_5</custom-field>
		<custom-field action="translate">creteria_5_text</custom-field>
		<custom-field action="ignore">enclosure</custom-field>
		<custom-field action="copy">original_post_id</custom-field>
		<custom-field action="copy">overall_rating</custom-field>
		<custom-field action="translate">panels_data</custom-field>
		<custom-field action="copy">pre_import_post_id</custom-field>
		<custom-field action="ignore">pre_import_post_parent</custom-field>
		<custom-field action="translate">price_table</custom-field>
		<custom-field action="translate">sk_isotopegallery-data</custom-field>
		<custom-field action="translate">sk_isotopegallery-extra_data</custom-field>
		<custom-field action="copy">sk_isotopegallery-thumbs_size</custom-field>
		<custom-field action="copy">standard_link_url_field</custom-field>
		<custom-field action="copy">standard_seo_post_level_layout</custom-field>
		<custom-field action="translate">standard_seo_post_meta_description</custom-field>
		<custom-field action="copy">total_sales</custom-field>
		<custom-field action="copy">video</custom-field>
		<custom-field action="ignore">_attachment_original_parent_id</custom-field>
		<custom-field action="ignore">_backorders</custom-field>
		<custom-field action="copy">_bbp_author_ip</custom-field>
		<custom-field action="copy">_bbp_forum_id</custom-field>
		<custom-field action="copy">_bbp_forum_subforum_count</custom-field>
		<custom-field action="copy">_bbp_last_active_id</custom-field>
		<custom-field action="copy">_bbp_last_active_time</custom-field>
		<custom-field action="copy">_bbp_last_reply_id</custom-field>
		<custom-field action="copy">_bbp_last_topic_id</custom-field>
		<custom-field action="copy">_bbp_reply_count</custom-field>
		<custom-field action="copy">_bbp_reply_count_hidden</custom-field>
		<custom-field action="copy">_bbp_revision_log</custom-field>
		<custom-field action="translate">_bbp_status</custom-field>
		<custom-field action="copy">_bbp_topic_count</custom-field>
		<custom-field action="copy">_bbp_topic_count_hidden</custom-field>
		<custom-field action="copy">_bbp_topic_id</custom-field>
		<custom-field action="copy">_bbp_total_reply_count</custom-field>
		<custom-field action="copy">_bbp_total_topic_count</custom-field>
		<custom-field action="copy">_bbp_voice_count</custom-field>
		<custom-field action="copy">_crosssell_ids</custom-field>
		<custom-field action="ignore">_default_attributes</custom-field>
		<custom-field action="copy">_downloadable</custom-field>
		<custom-field action="copy">_download_expiry</custom-field>
		<custom-field action="copy">_download_limit</custom-field>
		<custom-field action="ignore">_dp_original</custom-field>
		<custom-field action="copy">_featured</custom-field>
		<custom-field action="copy">_file_paths</custom-field>
		<custom-field action="copy">_format_audio_embed</custom-field>
		<custom-field action="copy">_format_image</custom-field>
		<custom-field action="copy">_format_link_url</custom-field>
		<custom-field action="copy">_format_quote_source_name</custom-field>
		<custom-field action="copy">_format_quote_source_url</custom-field>
		<custom-field action="copy">_format_url</custom-field>
		<custom-field action="copy">_format_video_embed</custom-field>
		<custom-field action="copy">_heart_love</custom-field>
		<custom-field action="copy">_height</custom-field>
		<custom-field action="copy">_length</custom-field>
		<custom-field action="copy">_manage_stock</custom-field>
		<custom-field action="copy">_max_variation_price</custom-field>
		<custom-field action="copy">_max_variation_regular_price</custom-field>
		<custom-field action="copy">_max_variation_sale_price</custom-field>
		<custom-field action="copy">_menu_item_classes</custom-field>
		<custom-field action="copy">_menu_item_menu_item_parent</custom-field>
		<custom-field action="copy">_menu_item_object</custom-field>
		<custom-field action="copy">_menu_item_object_id</custom-field>
		<custom-field action="copy">_menu_item_target</custom-field>
		<custom-field action="translate">_menu_item_type</custom-field>
		<custom-field action="translate">_menu_item_url</custom-field>
		<custom-field action="copy">_menu_item_xfn</custom-field>
		<custom-field action="copy">_min_variation_price</custom-field>
		<custom-field action="copy">_min_variation_regular_price</custom-field>
		<custom-field action="copy">_min_variation_sale_price</custom-field>
		<custom-field action="copy">_nectar_love</custom-field>
		<custom-field action="ignore">_oembed_9fcc86d7d9398ff736577f922307f64d</custom-field>
		<custom-field action="ignore">_oembed_37fdfe862c13c46a93be2921279bf675</custom-field>
		<custom-field action="ignore">_oembed_29351fff85c1be1d1e9a965a0332a861</custom-field>
		<custom-field action="ignore">_oembed_366237792d32461d0052efb2edec37f5</custom-field>
		<custom-field action="copy">_price</custom-field>
		<custom-field action="translate">_product_attributes</custom-field>
		<custom-field action="translate">_product_image_gallery</custom-field>
		<custom-field action="ignore">_publicize_pending</custom-field>
		<custom-field action="translate">_purchase_note</custom-field>
		<custom-field action="copy">_regular_price</custom-field>
		<custom-field action="copy">_sale_price</custom-field>
		<custom-field action="copy">_sale_price_dates_from</custom-field>
		<custom-field action="copy">_sale_price_dates_to</custom-field>
		<custom-field action="copy">_sku</custom-field>
		<custom-field action="translate">_smartmeta_my-awesome-field</custom-field>
		<custom-field action="translate">_smartmeta_my-awesome-field2</custom-field>
		<custom-field action="translate">_smartmeta_my-awesome-field3</custom-field>
		<custom-field action="translate">_smartmeta_my-awesome-field4</custom-field>
		<custom-field action="translate">_smartmeta_my-awesome-field5</custom-field>
		<custom-field action="translate">_smartmeta_my-awesome-field6</custom-field>
		<custom-field action="copy">_sold_individually</custom-field>
		<custom-field action="copy">_stock</custom-field>
		<custom-field action="translate">_stock_status</custom-field>
		<custom-field action="translate">_tablepress_table_options</custom-field>
		<custom-field action="translate">_tablepress_table_visibility</custom-field>
		<custom-field action="copy">_tax_class</custom-field>
		<custom-field action="copy">_tax_status</custom-field>
		<custom-field action="copy">_thumbnail_id</custom-field>
		<custom-field action="copy">_upsell_ids</custom-field>
		<custom-field action="translate">_virtual</custom-field>
		<custom-field action="translate">_visibility</custom-field>
		<custom-field action="copy">_weight</custom-field>
		<custom-field action="copy">_width</custom-field>
		<custom-field action="copy">_wp_attached_file</custom-field>
		<custom-field action="translate">_wp_attachment_image_alt</custom-field>
		<custom-field action="translate">_wp_old_slug</custom-field>
		<custom-field action="translate">_wp_post_template</custom-field>
		<custom-field action="translate">_wp_trash_meta_comments_status</custom-field>
		<custom-field action="translate">_wp_trash_meta_status</custom-field>
		<custom-field action="copy">_wp_trash_meta_time</custom-field>
	</custom-fields> 
	<custom-types>
        <custom-type translate="1">forum</custom-type>
        <custom-type translate="1">topic</custom-type>
		<custom-type translate="1">reply</custom-type>
        <custom-type translate="1">product</custom-type>
		<custom-type translate="1">product_variation</custom-type>
        <custom-type translate="1">shop_order</custom-type>
		<custom-type translate="1">shop_coupon</custom-type>
        <custom-type translate="1">sk_isotopegallery</custom-type>
		<custom-type translate="1">pricetable</custom-type>
        <custom-type translate="1">portfolio</custom-type>
		<custom-type translate="1">matches</custom-type>
        <custom-type translate="1">template</custom-type>
		<custom-type translate="1">optionsframework</custom-type>
    </custom-types>  
	<taxonomies>
        <taxonomy translate="1">topic-tag</taxonomy>
        <taxonomy translate="1">product_type</taxonomy>
        <taxonomy translate="1">product_cat</taxonomy>
        <taxonomy translate="1">product_tag</taxonomy>
		<taxonomy translate="1">product_shipping_class</taxonomy>
        <taxonomy translate="1">shop_order_status</taxonomy>
		<taxonomy translate="1">portfolio-category</taxonomy>
    </taxonomies>   
</wpml-config>